state,gender,education,age,n
Baden-Württemberg,female,-1,1,0
Baden-Württemberg,female,-1,2,0
Baden-Württemberg,female,-1,3,0
Baden-Württemberg,female,-1,4,0
Baden-Württemberg,female,-1,5,0
Baden-Württemberg,female,-1,6,0
Baden-Württemberg,female,-1,7,0
Baden-Württemberg,female,-1,8,0
Baden-Württemberg,female,0,1,0
Baden-Württemberg,female,0,2,0
Baden-Württemberg,female,0,3,0
Baden-Württemberg,female,0,4,0
Baden-Württemberg,female,0,5,0
Baden-Württemberg,female,0,6,0
Baden-Württemberg,female,0,7,0
Baden-Württemberg,female,0,8,0
Baden-Württemberg,female,2,1,260050
Baden-Württemberg,female,2,2,106490
Baden-Württemberg,female,2,3,96790
Baden-Württemberg,female,2,4,139780
Baden-Württemberg,female,2,5,160100
Baden-Württemberg,female,2,6,187870
Baden-Württemberg,female,2,7,284960
Baden-Württemberg,female,2,8,204040
Baden-Württemberg,female,4,1,22020
Baden-Württemberg,female,4,2,386300
Baden-Württemberg,female,4,3,319420
Baden-Württemberg,female,4,4,470220
Baden-Württemberg,female,4,5,388560
Baden-Württemberg,female,4,6,271970
Baden-Württemberg,female,4,7,205930
Baden-Württemberg,female,4,8,107900
Baden-Württemberg,female,5,1,990
Baden-Württemberg,female,5,2,145180
Baden-Württemberg,female,5,3,214090
Baden-Württemberg,female,5,4,245220
Baden-Württemberg,female,5,5,187950
Baden-Württemberg,female,5,6,102010
Baden-Württemberg,female,5,7,50700
Baden-Württemberg,female,5,8,23890
Baden-Württemberg,male,-1,1,0
Baden-Württemberg,male,-1,2,0
Baden-Württemberg,male,-1,3,0
Baden-Württemberg,male,-1,4,0
Baden-Württemberg,male,-1,5,0
Baden-Württemberg,male,-1,6,0
Baden-Württemberg,male,-1,7,0
Baden-Württemberg,male,-1,8,0
Baden-Württemberg,male,0,1,0
Baden-Württemberg,male,0,2,0
Baden-Württemberg,male,0,3,0
Baden-Württemberg,male,0,4,0
Baden-Württemberg,male,0,5,0
Baden-Württemberg,male,0,6,0
Baden-Württemberg,male,0,7,0
Baden-Württemberg,male,0,8,0
Baden-Württemberg,male,2,1,278470
Baden-Württemberg,male,2,2,110180
Baden-Württemberg,male,2,3,76870
Baden-Württemberg,male,2,4,101220
Baden-Württemberg,male,2,5,87240
Baden-Württemberg,male,2,6,72470
Baden-Württemberg,male,2,7,80720
Baden-Württemberg,male,2,8,36850
Baden-Württemberg,male,4,1,25450
Baden-Württemberg,male,4,2,423850
Baden-Württemberg,male,4,3,302980
Baden-Württemberg,male,4,4,428250
Baden-Württemberg,male,4,5,365960
Baden-Württemberg,male,4,6,268900
Baden-Württemberg,male,4,7,241620
Baden-Württemberg,male,4,8,91170
Baden-Württemberg,male,5,1,140
Baden-Württemberg,male,5,2,115880
Baden-Württemberg,male,5,3,240400
Baden-Württemberg,male,5,4,342300
Baden-Württemberg,male,5,5,267350
Baden-Württemberg,male,5,6,188290
Baden-Württemberg,male,5,7,132390
Baden-Württemberg,male,5,8,44020
Bayern,female,-1,1,0
Bayern,female,-1,2,0
Bayern,female,-1,3,0
Bayern,female,-1,4,0
Bayern,female,-1,5,0
Bayern,female,-1,6,0
Bayern,female,-1,7,0
Bayern,female,-1,8,0
Bayern,female,0,1,0
Bayern,female,0,2,0
Bayern,female,0,3,0
Bayern,female,0,4,0
Bayern,female,0,5,0
Bayern,female,0,6,0
Bayern,female,0,7,0
Bayern,female,0,8,0
Bayern,female,2,1,269370
Bayern,female,2,2,99870
Bayern,female,2,3,94040
Bayern,female,2,4,145600
Bayern,female,2,5,183010
Bayern,female,2,6,229370
Bayern,female,2,7,340260
Bayern,female,2,8,245710
Bayern,female,4,1,50900
Bayern,female,4,2,467030
Bayern,female,4,3,396840
Bayern,female,4,4,584280
Bayern,female,4,5,466480
Bayern,female,4,6,341610
Bayern,female,4,7,244620
Bayern,female,4,8,129470
Bayern,female,5,1,2340
Bayern,female,5,2,181720
Bayern,female,5,3,270250
Bayern,female,5,4,298160
Bayern,female,5,5,218410
Bayern,female,5,6,112200
Bayern,female,5,7,58210
Bayern,female,5,8,28140
Bayern,male,-1,1,0
Bayern,male,-1,2,0
Bayern,male,-1,3,0
Bayern,male,-1,4,0
Bayern,male,-1,5,0
Bayern,male,-1,6,0
Bayern,male,-1,7,0
Bayern,male,-1,8,0
Bayern,male,0,1,0
Bayern,male,0,2,0
Bayern,male,0,3,0
Bayern,male,0,4,0
Bayern,male,0,5,0
Bayern,male,0,6,0
Bayern,male,0,7,0
Bayern,male,0,8,0
Bayern,male,2,1,298490
Bayern,male,2,2,109260
Bayern,male,2,3,79810
Bayern,male,2,4,102070
Bayern,male,2,5,87940
Bayern,male,2,6,84210
Bayern,male,2,7,102930
Bayern,male,2,8,49290
Bayern,male,4,1,47870
Bayern,male,4,2,504880
Bayern,male,4,3,391480
Bayern,male,4,4,553200
Bayern,male,4,5,466800
Bayern,male,4,6,344660
Bayern,male,4,7,285950
Bayern,male,4,8,103350
Bayern,male,5,1,190
Bayern,male,5,2,135830
Bayern,male,5,3,282360
Bayern,male,5,4,393480
Bayern,male,5,5,304740
Bayern,male,5,6,218200
Bayern,male,5,7,141820
Bayern,male,5,8,48820
Berlin,female,-1,1,0
Berlin,female,-1,2,0
Berlin,female,-1,3,0
Berlin,female,-1,4,0
Berlin,female,-1,5,0
Berlin,female,-1,6,0
Berlin,female,-1,7,0
Berlin,female,-1,8,0
Berlin,female,0,1,0
Berlin,female,0,2,0
Berlin,female,0,3,0
Berlin,female,0,4,0
Berlin,female,0,5,0
Berlin,female,0,6,0
Berlin,female,0,7,0
Berlin,female,0,8,0
Berlin,female,2,1,58090
Berlin,female,2,2,45500
Berlin,female,2,3,34810
Berlin,female,2,4,41060
Berlin,female,2,5,37730
Berlin,female,2,6,37180
Berlin,female,2,7,44550
Berlin,female,2,8,36510
Berlin,female,4,1,4320
Berlin,female,4,2,131910
Berlin,female,4,3,88320
Berlin,female,4,4,107870
Berlin,female,4,5,93180
Berlin,female,4,6,93300
Berlin,female,4,7,84630
Berlin,female,4,8,44860
Berlin,female,5,1,60
Berlin,female,5,2,67620
Berlin,female,5,3,106630
Berlin,female,5,4,112080
Berlin,female,5,5,89360
Berlin,female,5,6,63190
Berlin,female,5,7,41140
Berlin,female,5,8,15480
Berlin,male,-1,1,0
Berlin,male,-1,2,0
Berlin,male,-1,3,0
Berlin,male,-1,4,0
Berlin,male,-1,5,0
Berlin,male,-1,6,0
Berlin,male,-1,7,0
Berlin,male,-1,8,0
Berlin,male,0,1,0
Berlin,male,0,2,0
Berlin,male,0,3,0
Berlin,male,0,4,0
Berlin,male,0,5,0
Berlin,male,0,6,0
Berlin,male,0,7,0
Berlin,male,0,8,0
Berlin,male,2,1,60050
Berlin,male,2,2,53180
Berlin,male,2,3,36850
Berlin,male,2,4,42490
Berlin,male,2,5,30020
Berlin,male,2,6,22300
Berlin,male,2,7,19910
Berlin,male,2,8,6240
Berlin,male,4,1,3850
Berlin,male,4,2,133300
Berlin,male,4,3,101580
Berlin,male,4,4,131360
Berlin,male,4,5,101930
Berlin,male,4,6,80680
Berlin,male,4,7,61880
Berlin,male,4,8,17140
Berlin,male,5,1,0
Berlin,male,5,2,43860
Berlin,male,5,3,92290
Berlin,male,5,4,101030
Berlin,male,5,5,83830
Berlin,male,5,6,74560
Berlin,male,5,7,55550
Berlin,male,5,8,17510
Brandenburg,female,-1,1,0
Brandenburg,female,-1,2,0
Brandenburg,female,-1,3,0
Brandenburg,female,-1,4,0
Brandenburg,female,-1,5,0
Brandenburg,female,-1,6,0
Brandenburg,female,-1,7,0
Brandenburg,female,-1,8,0
Brandenburg,female,0,1,0
Brandenburg,female,0,2,0
Brandenburg,female,0,3,0
Brandenburg,female,0,4,0
Brandenburg,female,0,5,0
Brandenburg,female,0,6,0
Brandenburg,female,0,7,0
Brandenburg,female,0,8,0
Brandenburg,female,2,1,34640
Brandenburg,female,2,2,17950
Brandenburg,female,2,3,9810
Brandenburg,female,2,4,10930
Brandenburg,female,2,5,14280
Brandenburg,female,2,6,17580
Brandenburg,female,2,7,46320
Brandenburg,female,2,8,40130
Brandenburg,female,4,1,3570
Brandenburg,female,4,2,87040
Brandenburg,female,4,3,76830
Brandenburg,female,4,4,119700
Brandenburg,female,4,5,115240
Brandenburg,female,4,6,80000
Brandenburg,female,4,7,79840
Brandenburg,female,4,8,34570
Brandenburg,female,5,1,100
Brandenburg,female,5,2,23380
Brandenburg,female,5,3,42010
Brandenburg,female,5,4,78360
Brandenburg,female,5,5,78220
Brandenburg,female,5,6,50020
Brandenburg,female,5,7,33040
Brandenburg,female,5,8,8360
Brandenburg,male,-1,1,0
Brandenburg,male,-1,2,0
Brandenburg,male,-1,3,0
Brandenburg,male,-1,4,0
Brandenburg,male,-1,5,0
Brandenburg,male,-1,6,0
Brandenburg,male,-1,7,0
Brandenburg,male,-1,8,0
Brandenburg,male,0,1,0
Brandenburg,male,0,2,0
Brandenburg,male,0,3,0
Brandenburg,male,0,4,0
Brandenburg,male,0,5,0
Brandenburg,male,0,6,0
Brandenburg,male,0,7,0
Brandenburg,male,0,8,0
Brandenburg,male,2,1,37810
Brandenburg,male,2,2,25680
Brandenburg,male,2,3,11990
Brandenburg,male,2,4,12780
Brandenburg,male,2,5,12680
Brandenburg,male,2,6,8330
Brandenburg,male,2,7,15260
Brandenburg,male,2,8,6250
Brandenburg,male,4,1,2910
Brandenburg,male,4,2,105400
Brandenburg,male,4,3,89920
Brandenburg,male,4,4,140260
Brandenburg,male,4,5,125420
Brandenburg,male,4,6,66860
Brandenburg,male,4,7,61460
Brandenburg,male,4,8,16910
Brandenburg,male,5,1,30
Brandenburg,male,5,2,13300
Brandenburg,male,5,3,33470
Brandenburg,male,5,4,61170
Brandenburg,male,5,5,72050
Brandenburg,male,5,6,62680
Brandenburg,male,5,7,52130
Brandenburg,male,5,8,14750
Bremen,female,-1,1,0
Bremen,female,-1,2,0
Bremen,female,-1,3,0
Bremen,female,-1,4,0
Bremen,female,-1,5,0
Bremen,female,-1,6,0
Bremen,female,-1,7,0
Bremen,female,-1,8,0
Bremen,female,0,1,0
Bremen,female,0,2,0
Bremen,female,0,3,0
Bremen,female,0,4,0
Bremen,female,0,5,0
Bremen,female,0,6,0
Bremen,female,0,7,0
Bremen,female,0,8,0
Bremen,female,2,1,13320
Bremen,female,2,2,9920
Bremen,female,2,3,7840
Bremen,female,2,4,10270
Bremen,female,2,5,10930
Bremen,female,2,6,11160
Bremen,female,2,7,16830
Bremen,female,2,8,12500
Bremen,female,4,1,1040
Bremen,female,4,2,24870
Bremen,female,4,3,17740
Bremen,female,4,4,25220
Bremen,female,4,5,21030
Bremen,female,4,6,19330
Bremen,female,4,7,17440
Bremen,female,4,8,8570
Bremen,female,5,1,100
Bremen,female,5,2,10290
Bremen,female,5,3,13420
Bremen,female,5,4,14470
Bremen,female,5,5,12780
Bremen,female,5,6,7950
Bremen,female,5,7,4020
Bremen,female,5,8,2570
Bremen,male,-1,1,0
Bremen,male,-1,2,0
Bremen,male,-1,3,0
Bremen,male,-1,4,0
Bremen,male,-1,5,0
Bremen,male,-1,6,0
Bremen,male,-1,7,0
Bremen,male,-1,8,0
Bremen,male,0,1,0
Bremen,male,0,2,0
Bremen,male,0,3,0
Bremen,male,0,4,0
Bremen,male,0,5,0
Bremen,male,0,6,0
Bremen,male,0,7,0
Bremen,male,0,8,0
Bremen,male,2,1,14090
Bremen,male,2,2,11530
Bremen,male,2,3,7930
Bremen,male,2,4,8570
Bremen,male,2,5,6250
Bremen,male,2,6,5590
Bremen,male,2,7,4990
Bremen,male,2,8,1790
Bremen,male,4,1,720
Bremen,male,4,2,26880
Bremen,male,4,3,20540
Bremen,male,4,4,26730
Bremen,male,4,5,22070
Bremen,male,4,6,18000
Bremen,male,4,7,17780
Bremen,male,4,8,5840
Bremen,male,5,1,60
Bremen,male,5,2,7790
Bremen,male,5,3,12610
Bremen,male,5,4,15660
Bremen,male,5,5,13940
Bremen,male,5,6,12000
Bremen,male,5,7,6460
Bremen,male,5,8,3230
Hamburg,female,-1,1,0
Hamburg,female,-1,2,0
Hamburg,female,-1,3,0
Hamburg,female,-1,4,0
Hamburg,female,-1,5,0
Hamburg,female,-1,6,0
Hamburg,female,-1,7,0
Hamburg,female,-1,8,0
Hamburg,female,0,1,0
Hamburg,female,0,2,0
Hamburg,female,0,3,0
Hamburg,female,0,4,0
Hamburg,female,0,5,0
Hamburg,female,0,6,0
Hamburg,female,0,7,0
Hamburg,female,0,8,0
Hamburg,female,2,1,31160
Hamburg,female,2,2,20070
Hamburg,female,2,3,18050
Hamburg,female,2,4,22220
Hamburg,female,2,5,20000
Hamburg,female,2,6,21080
Hamburg,female,2,7,28890
Hamburg,female,2,8,24410
Hamburg,female,4,1,4480
Hamburg,female,4,2,73180
Hamburg,female,4,3,49860
Hamburg,female,4,4,61320
Hamburg,female,4,5,49670
Hamburg,female,4,6,48990
Hamburg,female,4,7,46070
Hamburg,female,4,8,24740
Hamburg,female,5,1,190
Hamburg,female,5,2,35110
Hamburg,female,5,3,58290
Hamburg,female,5,4,52700
Hamburg,female,5,5,37400
Hamburg,female,5,6,21320
Hamburg,female,5,7,12460
Hamburg,female,5,8,6190
Hamburg,male,-1,1,0
Hamburg,male,-1,2,0
Hamburg,male,-1,3,0
Hamburg,male,-1,4,0
Hamburg,male,-1,5,0
Hamburg,male,-1,6,0
Hamburg,male,-1,7,0
Hamburg,male,-1,8,0
Hamburg,male,0,1,0
Hamburg,male,0,2,0
Hamburg,male,0,3,0
Hamburg,male,0,4,0
Hamburg,male,0,5,0
Hamburg,male,0,6,0
Hamburg,male,0,7,0
Hamburg,male,0,8,0
Hamburg,male,2,1,34430
Hamburg,male,2,2,22540
Hamburg,male,2,3,19760
Hamburg,male,2,4,19940
Hamburg,male,2,5,16840
Hamburg,male,2,6,12770
Hamburg,male,2,7,10780
Hamburg,male,2,8,4080
Hamburg,male,4,1,3590
Hamburg,male,4,2,66970
Hamburg,male,4,3,58470
Hamburg,male,4,4,67570
Hamburg,male,4,5,46820
Hamburg,male,4,6,43490
Hamburg,male,4,7,38290
Hamburg,male,4,8,14450
Hamburg,male,5,1,20
Hamburg,male,5,2,22040
Hamburg,male,5,3,51740
Hamburg,male,5,4,54830
Hamburg,male,5,5,37720
Hamburg,male,5,6,29120
Hamburg,male,5,7,19410
Hamburg,male,5,8,6880
Hessen,female,-1,1,0
Hessen,female,-1,2,0
Hessen,female,-1,3,0
Hessen,female,-1,4,0
Hessen,female,-1,5,0
Hessen,female,-1,6,0
Hessen,female,-1,7,0
Hessen,female,-1,8,0
Hessen,female,0,1,0
Hessen,female,0,2,0
Hessen,female,0,3,0
Hessen,female,0,4,0
Hessen,female,0,5,0
Hessen,female,0,6,0
Hessen,female,0,7,0
Hessen,female,0,8,0
Hessen,female,2,1,138310
Hessen,female,2,2,63330
Hessen,female,2,3,61360
Hessen,female,2,4,83860
Hessen,female,2,5,92340
Hessen,female,2,6,99320
Hessen,female,2,7,145160
Hessen,female,2,8,117280
Hessen,female,4,1,12980
Hessen,female,4,2,207650
Hessen,female,4,3,177740
Hessen,female,4,4,264510
Hessen,female,4,5,222510
Hessen,female,4,6,179340
Hessen,female,4,7,133070
Hessen,female,4,8,72340
Hessen,female,5,1,540
Hessen,female,5,2,79800
Hessen,female,5,3,133130
Hessen,female,5,4,150080
Hessen,female,5,5,108730
Hessen,female,5,6,58210
Hessen,female,5,7,30320
Hessen,female,5,8,15540
Hessen,male,-1,1,0
Hessen,male,-1,2,0
Hessen,male,-1,3,0
Hessen,male,-1,4,0
Hessen,male,-1,5,0
Hessen,male,-1,6,0
Hessen,male,-1,7,0
Hessen,male,-1,8,0
Hessen,male,0,1,0
Hessen,male,0,2,0
Hessen,male,0,3,0
Hessen,male,0,4,0
Hessen,male,0,5,0
Hessen,male,0,6,0
Hessen,male,0,7,0
Hessen,male,0,8,0
Hessen,male,2,1,143130
Hessen,male,2,2,74290
Hessen,male,2,3,53510
Hessen,male,2,4,67590
Hessen,male,2,5,53720
Hessen,male,2,6,45390
Hessen,male,2,7,41780
Hessen,male,2,8,20980
Hessen,male,4,1,12340
Hessen,male,4,2,217340
Hessen,male,4,3,173450
Hessen,male,4,4,249530
Hessen,male,4,5,212920
Hessen,male,4,6,166870
Hessen,male,4,7,147690
Hessen,male,4,8,57830
Hessen,male,5,1,30
Hessen,male,5,2,59120
Hessen,male,5,3,132610
Hessen,male,5,4,190770
Hessen,male,5,5,149750
Hessen,male,5,6,108460
Hessen,male,5,7,71640
Hessen,male,5,8,25790
Mecklenburg-Vorpommern,female,-1,1,0
Mecklenburg-Vorpommern,female,-1,2,0
Mecklenburg-Vorpommern,female,-1,3,0
Mecklenburg-Vorpommern,female,-1,4,0
Mecklenburg-Vorpommern,female,-1,5,0
Mecklenburg-Vorpommern,female,-1,6,0
Mecklenburg-Vorpommern,female,-1,7,0
Mecklenburg-Vorpommern,female,-1,8,0
Mecklenburg-Vorpommern,female,0,1,0
Mecklenburg-Vorpommern,female,0,2,0
Mecklenburg-Vorpommern,female,0,3,0
Mecklenburg-Vorpommern,female,0,4,0
Mecklenburg-Vorpommern,female,0,5,0
Mecklenburg-Vorpommern,female,0,6,0
Mecklenburg-Vorpommern,female,0,7,0
Mecklenburg-Vorpommern,female,0,8,0
Mecklenburg-Vorpommern,female,2,1,22410
Mecklenburg-Vorpommern,female,2,2,14020
Mecklenburg-Vorpommern,female,2,3,5770
Mecklenburg-Vorpommern,female,2,4,7130
Mecklenburg-Vorpommern,female,2,5,10470
Mecklenburg-Vorpommern,female,2,6,11300
Mecklenburg-Vorpommern,female,2,7,32360
Mecklenburg-Vorpommern,female,2,8,24090
Mecklenburg-Vorpommern,female,4,1,2490
Mecklenburg-Vorpommern,female,4,2,65500
Mecklenburg-Vorpommern,female,4,3,51190
Mecklenburg-Vorpommern,female,4,4,75470
Mecklenburg-Vorpommern,female,4,5,78450
Mecklenburg-Vorpommern,female,4,6,49910
Mecklenburg-Vorpommern,female,4,7,49120
Mecklenburg-Vorpommern,female,4,8,18190
Mecklenburg-Vorpommern,female,5,1,210
Mecklenburg-Vorpommern,female,5,2,16190
Mecklenburg-Vorpommern,female,5,3,23650
Mecklenburg-Vorpommern,female,5,4,44240
Mecklenburg-Vorpommern,female,5,5,49520
Mecklenburg-Vorpommern,female,5,6,32640
Mecklenburg-Vorpommern,female,5,7,23230
Mecklenburg-Vorpommern,female,5,8,5150
Mecklenburg-Vorpommern,male,-1,1,0
Mecklenburg-Vorpommern,male,-1,2,0
Mecklenburg-Vorpommern,male,-1,3,0
Mecklenburg-Vorpommern,male,-1,4,0
Mecklenburg-Vorpommern,male,-1,5,0
Mecklenburg-Vorpommern,male,-1,6,0
Mecklenburg-Vorpommern,male,-1,7,0
Mecklenburg-Vorpommern,male,-1,8,0
Mecklenburg-Vorpommern,male,0,1,0
Mecklenburg-Vorpommern,male,0,2,0
Mecklenburg-Vorpommern,male,0,3,0
Mecklenburg-Vorpommern,male,0,4,0
Mecklenburg-Vorpommern,male,0,5,0
Mecklenburg-Vorpommern,male,0,6,0
Mecklenburg-Vorpommern,male,0,7,0
Mecklenburg-Vorpommern,male,0,8,0
Mecklenburg-Vorpommern,male,2,1,24490
Mecklenburg-Vorpommern,male,2,2,19240
Mecklenburg-Vorpommern,male,2,3,8130
Mecklenburg-Vorpommern,male,2,4,7330
Mecklenburg-Vorpommern,male,2,5,9410
Mecklenburg-Vorpommern,male,2,6,6280
Mecklenburg-Vorpommern,male,2,7,10630
Mecklenburg-Vorpommern,male,2,8,4090
Mecklenburg-Vorpommern,male,4,1,2260
Mecklenburg-Vorpommern,male,4,2,78400
Mecklenburg-Vorpommern,male,4,3,64250
Mecklenburg-Vorpommern,male,4,4,90870
Mecklenburg-Vorpommern,male,4,5,88320
Mecklenburg-Vorpommern,male,4,6,43840
Mecklenburg-Vorpommern,male,4,7,36480
Mecklenburg-Vorpommern,male,4,8,10080
Mecklenburg-Vorpommern,male,5,1,30
Mecklenburg-Vorpommern,male,5,2,9800
Mecklenburg-Vorpommern,male,5,3,19470
Mecklenburg-Vorpommern,male,5,4,33480
Mecklenburg-Vorpommern,male,5,5,41660
Mecklenburg-Vorpommern,male,5,6,37250
Mecklenburg-Vorpommern,male,5,7,33860
Mecklenburg-Vorpommern,male,5,8,9050
Niedersachsen,female,-1,1,0
Niedersachsen,female,-1,2,0
Niedersachsen,female,-1,3,0
Niedersachsen,female,-1,4,0
Niedersachsen,female,-1,5,0
Niedersachsen,female,-1,6,0
Niedersachsen,female,-1,7,0
Niedersachsen,female,-1,8,0
Niedersachsen,female,0,1,0
Niedersachsen,female,0,2,0
Niedersachsen,female,0,3,0
Niedersachsen,female,0,4,0
Niedersachsen,female,0,5,0
Niedersachsen,female,0,6,0
Niedersachsen,female,0,7,0
Niedersachsen,female,0,8,0
Niedersachsen,female,2,1,198490
Niedersachsen,female,2,2,92370
Niedersachsen,female,2,3,69520
Niedersachsen,female,2,4,104720
Niedersachsen,female,2,5,112450
Niedersachsen,female,2,6,125700
Niedersachsen,female,2,7,215110
Niedersachsen,female,2,8,163040
Niedersachsen,female,4,1,14390
Niedersachsen,female,4,2,247230
Niedersachsen,female,4,3,236470
Niedersachsen,female,4,4,379410
Niedersachsen,female,4,5,305180
Niedersachsen,female,4,6,244370
Niedersachsen,female,4,7,179080
Niedersachsen,female,4,8,92960
Niedersachsen,female,5,1,670
Niedersachsen,female,5,2,84280
Niedersachsen,female,5,3,130990
Niedersachsen,female,5,4,165100
Niedersachsen,female,5,5,131790
Niedersachsen,female,5,6,70750
Niedersachsen,female,5,7,36810
Niedersachsen,female,5,8,18460
Niedersachsen,male,-1,1,0
Niedersachsen,male,-1,2,0
Niedersachsen,male,-1,3,0
Niedersachsen,male,-1,4,0
Niedersachsen,male,-1,5,0
Niedersachsen,male,-1,6,0
Niedersachsen,male,-1,7,0
Niedersachsen,male,-1,8,0
Niedersachsen,male,0,1,0
Niedersachsen,male,0,2,0
Niedersachsen,male,0,3,0
Niedersachsen,male,0,4,0
Niedersachsen,male,0,5,0
Niedersachsen,male,0,6,0
Niedersachsen,male,0,7,0
Niedersachsen,male,0,8,0
Niedersachsen,male,2,1,209560
Niedersachsen,male,2,2,103000
Niedersachsen,male,2,3,58930
Niedersachsen,male,2,4,82930
Niedersachsen,male,2,5,72280
Niedersachsen,male,2,6,52570
Niedersachsen,male,2,7,69710
Niedersachsen,male,2,8,31920
Niedersachsen,male,4,1,13020
Niedersachsen,male,4,2,275340
Niedersachsen,male,4,3,242690
Niedersachsen,male,4,4,362750
Niedersachsen,male,4,5,304910
Niedersachsen,male,4,6,234680
Niedersachsen,male,4,7,201240
Niedersachsen,male,4,8,73900
Niedersachsen,male,5,1,60
Niedersachsen,male,5,2,56370
Niedersachsen,male,5,3,129800
Niedersachsen,male,5,4,209870
Niedersachsen,male,5,5,170570
Niedersachsen,male,5,6,137060
Niedersachsen,male,5,7,89490
Niedersachsen,male,5,8,28340
Nordrhein-Westfalen,female,-1,1,0
Nordrhein-Westfalen,female,-1,2,0
Nordrhein-Westfalen,female,-1,3,0
Nordrhein-Westfalen,female,-1,4,0
Nordrhein-Westfalen,female,-1,5,0
Nordrhein-Westfalen,female,-1,6,0
Nordrhein-Westfalen,female,-1,7,0
Nordrhein-Westfalen,female,-1,8,0
Nordrhein-Westfalen,female,0,1,0
Nordrhein-Westfalen,female,0,2,0
Nordrhein-Westfalen,female,0,3,0
Nordrhein-Westfalen,female,0,4,0
Nordrhein-Westfalen,female,0,5,0
Nordrhein-Westfalen,female,0,6,0
Nordrhein-Westfalen,female,0,7,0
Nordrhein-Westfalen,female,0,8,0
Nordrhein-Westfalen,female,2,1,429060
Nordrhein-Westfalen,female,2,2,217390
Nordrhein-Westfalen,female,2,3,196420
Nordrhein-Westfalen,female,2,4,257060
Nordrhein-Westfalen,female,2,5,261750
Nordrhein-Westfalen,female,2,6,259020
Nordrhein-Westfalen,female,2,7,414370
Nordrhein-Westfalen,female,2,8,327070
Nordrhein-Westfalen,female,4,1,34350
Nordrhein-Westfalen,female,4,2,591890
Nordrhein-Westfalen,female,4,3,510120
Nordrhein-Westfalen,female,4,4,813890
Nordrhein-Westfalen,female,4,5,702410
Nordrhein-Westfalen,female,4,6,560870
Nordrhein-Westfalen,female,4,7,474810
Nordrhein-Westfalen,female,4,8,246310
Nordrhein-Westfalen,female,5,1,1920
Nordrhein-Westfalen,female,5,2,214750
Nordrhein-Westfalen,female,5,3,323050
Nordrhein-Westfalen,female,5,4,384000
Nordrhein-Westfalen,female,5,5,300510
Nordrhein-Westfalen,female,5,6,151030
Nordrhein-Westfalen,female,5,7,81770
Nordrhein-Westfalen,female,5,8,44260
Nordrhein-Westfalen,male,-1,1,0
Nordrhein-Westfalen,male,-1,2,0
Nordrhein-Westfalen,male,-1,3,0
Nordrhein-Westfalen,male,-1,4,0
Nordrhein-Westfalen,male,-1,5,0
Nordrhein-Westfalen,male,-1,6,0
Nordrhein-Westfalen,male,-1,7,0
Nordrhein-Westfalen,male,-1,8,0
Nordrhein-Westfalen,male,0,1,0
Nordrhein-Westfalen,male,0,2,0
Nordrhein-Westfalen,male,0,3,0
Nordrhein-Westfalen,male,0,4,0
Nordrhein-Westfalen,male,0,5,0
Nordrhein-Westfalen,male,0,6,0
Nordrhein-Westfalen,male,0,7,0
Nordrhein-Westfalen,male,0,8,0
Nordrhein-Westfalen,male,2,1,457950
Nordrhein-Westfalen,male,2,2,243930
Nordrhein-Westfalen,male,2,3,166530
Nordrhein-Westfalen,male,2,4,206220
Nordrhein-Westfalen,male,2,5,178670
Nordrhein-Westfalen,male,2,6,139770
Nordrhein-Westfalen,male,2,7,145260
Nordrhein-Westfalen,male,2,8,59380
Nordrhein-Westfalen,male,4,1,30720
Nordrhein-Westfalen,male,4,2,648240
Nordrhein-Westfalen,male,4,3,531800
Nordrhein-Westfalen,male,4,4,778760
Nordrhein-Westfalen,male,4,5,664640
Nordrhein-Westfalen,male,4,6,482910
Nordrhein-Westfalen,male,4,7,443660
Nordrhein-Westfalen,male,4,8,169930
Nordrhein-Westfalen,male,5,1,450
Nordrhein-Westfalen,male,5,2,141430
Nordrhein-Westfalen,male,5,3,304470
Nordrhein-Westfalen,male,5,4,492090
Nordrhein-Westfalen,male,5,5,395190
Nordrhein-Westfalen,male,5,6,274070
Nordrhein-Westfalen,male,5,7,196410
Nordrhein-Westfalen,male,5,8,69200
Rheinland-Pfalz,female,-1,1,0
Rheinland-Pfalz,female,-1,2,0
Rheinland-Pfalz,female,-1,3,0
Rheinland-Pfalz,female,-1,4,0
Rheinland-Pfalz,female,-1,5,0
Rheinland-Pfalz,female,-1,6,0
Rheinland-Pfalz,female,-1,7,0
Rheinland-Pfalz,female,-1,8,0
Rheinland-Pfalz,female,0,1,0
Rheinland-Pfalz,female,0,2,0
Rheinland-Pfalz,female,0,3,0
Rheinland-Pfalz,female,0,4,0
Rheinland-Pfalz,female,0,5,0
Rheinland-Pfalz,female,0,6,0
Rheinland-Pfalz,female,0,7,0
Rheinland-Pfalz,female,0,8,0
Rheinland-Pfalz,female,2,1,92570
Rheinland-Pfalz,female,2,2,42120
Rheinland-Pfalz,female,2,3,36270
Rheinland-Pfalz,female,2,4,53760
Rheinland-Pfalz,female,2,5,64720
Rheinland-Pfalz,female,2,6,70470
Rheinland-Pfalz,female,2,7,121220
Rheinland-Pfalz,female,2,8,90150
Rheinland-Pfalz,female,4,1,14500
Rheinland-Pfalz,female,4,2,144050
Rheinland-Pfalz,female,4,3,118000
Rheinland-Pfalz,female,4,4,192650
Rheinland-Pfalz,female,4,5,167610
Rheinland-Pfalz,female,4,6,116020
Rheinland-Pfalz,female,4,7,81630
Rheinland-Pfalz,female,4,8,44380
Rheinland-Pfalz,female,5,1,300
Rheinland-Pfalz,female,5,2,44680
Rheinland-Pfalz,female,5,3,68040
Rheinland-Pfalz,female,5,4,83420
Rheinland-Pfalz,female,5,5,67680
Rheinland-Pfalz,female,5,6,31650
Rheinland-Pfalz,female,5,7,17090
Rheinland-Pfalz,female,5,8,8360
Rheinland-Pfalz,male,-1,1,0
Rheinland-Pfalz,male,-1,2,0
Rheinland-Pfalz,male,-1,3,0
Rheinland-Pfalz,male,-1,4,0
Rheinland-Pfalz,male,-1,5,0
Rheinland-Pfalz,male,-1,6,0
Rheinland-Pfalz,male,-1,7,0
Rheinland-Pfalz,male,-1,8,0
Rheinland-Pfalz,male,0,1,0
Rheinland-Pfalz,male,0,2,0
Rheinland-Pfalz,male,0,3,0
Rheinland-Pfalz,male,0,4,0
Rheinland-Pfalz,male,0,5,0
Rheinland-Pfalz,male,0,6,0
Rheinland-Pfalz,male,0,7,0
Rheinland-Pfalz,male,0,8,0
Rheinland-Pfalz,male,2,1,100050
Rheinland-Pfalz,male,2,2,47400
Rheinland-Pfalz,male,2,3,29750
Rheinland-Pfalz,male,2,4,39400
Rheinland-Pfalz,male,2,5,36770
Rheinland-Pfalz,male,2,6,28120
Rheinland-Pfalz,male,2,7,38290
Rheinland-Pfalz,male,2,8,17310
Rheinland-Pfalz,male,4,1,12670
Rheinland-Pfalz,male,4,2,155030
Rheinland-Pfalz,male,4,3,119020
Rheinland-Pfalz,male,4,4,178890
Rheinland-Pfalz,male,4,5,164220
Rheinland-Pfalz,male,4,6,115060
Rheinland-Pfalz,male,4,7,101140
Rheinland-Pfalz,male,4,8,37490
Rheinland-Pfalz,male,5,1,10
Rheinland-Pfalz,male,5,2,32320
Rheinland-Pfalz,male,5,3,68570
Rheinland-Pfalz,male,5,4,116040
Rheinland-Pfalz,male,5,5,98600
Rheinland-Pfalz,male,5,6,67510
Rheinland-Pfalz,male,5,7,44700
Rheinland-Pfalz,male,5,8,15740
Saarland,female,-1,1,0
Saarland,female,-1,2,0
Saarland,female,-1,3,0
Saarland,female,-1,4,0
Saarland,female,-1,5,0
Saarland,female,-1,6,0
Saarland,female,-1,7,0
Saarland,female,-1,8,0
Saarland,female,0,1,0
Saarland,female,0,2,0
Saarland,female,0,3,0
Saarland,female,0,4,0
Saarland,female,0,5,0
Saarland,female,0,6,0
Saarland,female,0,7,0
Saarland,female,0,8,0
Saarland,female,2,1,21510
Saarland,female,2,2,11870
Saarland,female,2,3,9050
Saarland,female,2,4,15950
Saarland,female,2,5,18980
Saarland,female,2,6,18680
Saarland,female,2,7,32200
Saarland,female,2,8,23770
Saarland,female,4,1,3260
Saarland,female,4,2,32070
Saarland,female,4,3,28420
Saarland,female,4,4,47200
Saarland,female,4,5,46120
Saarland,female,4,6,32390
Saarland,female,4,7,25580
Saarland,female,4,8,12670
Saarland,female,5,1,70
Saarland,female,5,2,10350
Saarland,female,5,3,15590
Saarland,female,5,4,18810
Saarland,female,5,5,15740
Saarland,female,5,6,7300
Saarland,female,5,7,4080
Saarland,female,5,8,2190
Saarland,male,-1,1,0
Saarland,male,-1,2,0
Saarland,male,-1,3,0
Saarland,male,-1,4,0
Saarland,male,-1,5,0
Saarland,male,-1,6,0
Saarland,male,-1,7,0
Saarland,male,-1,8,0
Saarland,male,0,1,0
Saarland,male,0,2,0
Saarland,male,0,3,0
Saarland,male,0,4,0
Saarland,male,0,5,0
Saarland,male,0,6,0
Saarland,male,0,7,0
Saarland,male,0,8,0
Saarland,male,2,1,23230
Saarland,male,2,2,12440
Saarland,male,2,3,7390
Saarland,male,2,4,9480
Saarland,male,2,5,10560
Saarland,male,2,6,8130
Saarland,male,2,7,8010
Saarland,male,2,8,3320
Saarland,male,4,1,3260
Saarland,male,4,2,38270
Saarland,male,4,3,28330
Saarland,male,4,4,45560
Saarland,male,4,5,44560
Saarland,male,4,6,31160
Saarland,male,4,7,30360
Saarland,male,4,8,11410
Saarland,male,5,1,0
Saarland,male,5,2,7660
Saarland,male,5,3,15490
Saarland,male,5,4,26250
Saarland,male,5,5,24190
Saarland,male,5,6,16560
Saarland,male,5,7,10890
Saarland,male,5,8,4580
Sachsen,female,-1,1,0
Sachsen,female,-1,2,0
Sachsen,female,-1,3,0
Sachsen,female,-1,4,0
Sachsen,female,-1,5,0
Sachsen,female,-1,6,0
Sachsen,female,-1,7,0
Sachsen,female,-1,8,0
Sachsen,female,0,1,0
Sachsen,female,0,2,0
Sachsen,female,0,3,0
Sachsen,female,0,4,0
Sachsen,female,0,5,0
Sachsen,female,0,6,0
Sachsen,female,0,7,0
Sachsen,female,0,8,0
Sachsen,female,2,1,50990
Sachsen,female,2,2,29370
Sachsen,female,2,3,14280
Sachsen,female,2,4,16430
Sachsen,female,2,5,16530
Sachsen,female,2,6,25380
Sachsen,female,2,7,62570
Sachsen,female,2,8,68480
Sachsen,female,4,1,6520
Sachsen,female,4,2,150240
Sachsen,female,4,3,122100
Sachsen,female,4,4,169160
Sachsen,female,4,5,178120
Sachsen,female,4,6,156620
Sachsen,female,4,7,159050
Sachsen,female,4,8,80420
Sachsen,female,5,1,330
Sachsen,female,5,2,59510
Sachsen,female,5,3,80960
Sachsen,female,5,4,109370
Sachsen,female,5,5,115860
Sachsen,female,5,6,81980
Sachsen,female,5,7,51470
Sachsen,female,5,8,16750
Sachsen,male,-1,1,0
Sachsen,male,-1,2,0
Sachsen,male,-1,3,0
Sachsen,male,-1,4,0
Sachsen,male,-1,5,0
Sachsen,male,-1,6,0
Sachsen,male,-1,7,0
Sachsen,male,-1,8,0
Sachsen,male,0,1,0
Sachsen,male,0,2,0
Sachsen,male,0,3,0
Sachsen,male,0,4,0
Sachsen,male,0,5,0
Sachsen,male,0,6,0
Sachsen,male,0,7,0
Sachsen,male,0,8,0
Sachsen,male,2,1,54580
Sachsen,male,2,2,37700
Sachsen,male,2,3,19580
Sachsen,male,2,4,19550
Sachsen,male,2,5,16190
Sachsen,male,2,6,12280
Sachsen,male,2,7,16750
Sachsen,male,2,8,7940
Sachsen,male,4,1,6480
Sachsen,male,4,2,188650
Sachsen,male,4,3,151180
Sachsen,male,4,4,202020
Sachsen,male,4,5,187680
Sachsen,male,4,6,123850
Sachsen,male,4,7,110500
Sachsen,male,4,8,37070
Sachsen,male,5,1,40
Sachsen,male,5,2,36370
Sachsen,male,5,3,73210
Sachsen,male,5,4,91780
Sachsen,male,5,5,102680
Sachsen,male,5,6,100740
Sachsen,male,5,7,87710
Sachsen,male,5,8,30110
Sachsen-Anhalt,female,-1,1,0
Sachsen-Anhalt,female,-1,2,0
Sachsen-Anhalt,female,-1,3,0
Sachsen-Anhalt,female,-1,4,0
Sachsen-Anhalt,female,-1,5,0
Sachsen-Anhalt,female,-1,6,0
Sachsen-Anhalt,female,-1,7,0
Sachsen-Anhalt,female,-1,8,0
Sachsen-Anhalt,female,0,1,0
Sachsen-Anhalt,female,0,2,0
Sachsen-Anhalt,female,0,3,0
Sachsen-Anhalt,female,0,4,0
Sachsen-Anhalt,female,0,5,0
Sachsen-Anhalt,female,0,6,0
Sachsen-Anhalt,female,0,7,0
Sachsen-Anhalt,female,0,8,0
Sachsen-Anhalt,female,2,1,30870
Sachsen-Anhalt,female,2,2,19290
Sachsen-Anhalt,female,2,3,9870
Sachsen-Anhalt,female,2,4,10910
Sachsen-Anhalt,female,2,5,13140
Sachsen-Anhalt,female,2,6,17990
Sachsen-Anhalt,female,2,7,48120
Sachsen-Anhalt,female,2,8,43090
Sachsen-Anhalt,female,4,1,4210
Sachsen-Anhalt,female,4,2,83950
Sachsen-Anhalt,female,4,3,67800
Sachsen-Anhalt,female,4,4,108780
Sachsen-Anhalt,female,4,5,111230
Sachsen-Anhalt,female,4,6,88410
Sachsen-Anhalt,female,4,7,81950
Sachsen-Anhalt,female,4,8,40520
Sachsen-Anhalt,female,5,1,280
Sachsen-Anhalt,female,5,2,24890
Sachsen-Anhalt,female,5,3,34390
Sachsen-Anhalt,female,5,4,59430
Sachsen-Anhalt,female,5,5,64390
Sachsen-Anhalt,female,5,6,44070
Sachsen-Anhalt,female,5,7,26980
Sachsen-Anhalt,female,5,8,7810
Sachsen-Anhalt,male,-1,1,0
Sachsen-Anhalt,male,-1,2,0
Sachsen-Anhalt,male,-1,3,0
Sachsen-Anhalt,male,-1,4,0
Sachsen-Anhalt,male,-1,5,0
Sachsen-Anhalt,male,-1,6,0
Sachsen-Anhalt,male,-1,7,0
Sachsen-Anhalt,male,-1,8,0
Sachsen-Anhalt,male,0,1,0
Sachsen-Anhalt,male,0,2,0
Sachsen-Anhalt,male,0,3,0
Sachsen-Anhalt,male,0,4,0
Sachsen-Anhalt,male,0,5,0
Sachsen-Anhalt,male,0,6,0
Sachsen-Anhalt,male,0,7,0
Sachsen-Anhalt,male,0,8,0
Sachsen-Anhalt,male,2,1,32700
Sachsen-Anhalt,male,2,2,26420
Sachsen-Anhalt,male,2,3,12430
Sachsen-Anhalt,male,2,4,11870
Sachsen-Anhalt,male,2,5,10850
Sachsen-Anhalt,male,2,6,7990
Sachsen-Anhalt,male,2,7,12800
Sachsen-Anhalt,male,2,8,5130
Sachsen-Anhalt,male,4,1,3670
Sachsen-Anhalt,male,4,2,102810
Sachsen-Anhalt,male,4,3,87370
Sachsen-Anhalt,male,4,4,132950
Sachsen-Anhalt,male,4,5,122330
Sachsen-Anhalt,male,4,6,75650
Sachsen-Anhalt,male,4,7,66170
Sachsen-Anhalt,male,4,8,20540
Sachsen-Anhalt,male,5,1,10
Sachsen-Anhalt,male,5,2,13930
Sachsen-Anhalt,male,5,3,28350
Sachsen-Anhalt,male,5,4,41270
Sachsen-Anhalt,male,5,5,54700
Sachsen-Anhalt,male,5,6,52760
Sachsen-Anhalt,male,5,7,42300
Sachsen-Anhalt,male,5,8,13530
Schleswig-Holstein,female,-1,1,0
Schleswig-Holstein,female,-1,2,0
Schleswig-Holstein,female,-1,3,0
Schleswig-Holstein,female,-1,4,0
Schleswig-Holstein,female,-1,5,0
Schleswig-Holstein,female,-1,6,0
Schleswig-Holstein,female,-1,7,0
Schleswig-Holstein,female,-1,8,0
Schleswig-Holstein,female,0,1,0
Schleswig-Holstein,female,0,2,0
Schleswig-Holstein,female,0,3,0
Schleswig-Holstein,female,0,4,0
Schleswig-Holstein,female,0,5,0
Schleswig-Holstein,female,0,6,0
Schleswig-Holstein,female,0,7,0
Schleswig-Holstein,female,0,8,0
Schleswig-Holstein,female,2,1,73230
Schleswig-Holstein,female,2,2,30940
Schleswig-Holstein,female,2,3,23340
Schleswig-Holstein,female,2,4,34930
Schleswig-Holstein,female,2,5,34400
Schleswig-Holstein,female,2,6,36820
Schleswig-Holstein,female,2,7,66050
Schleswig-Holstein,female,2,8,48070
Schleswig-Holstein,female,4,1,4700
Schleswig-Holstein,female,4,2,88610
Schleswig-Holstein,female,4,3,86950
Schleswig-Holstein,female,4,4,142550
Schleswig-Holstein,female,4,5,113830
Schleswig-Holstein,female,4,6,105930
Schleswig-Holstein,female,4,7,79450
Schleswig-Holstein,female,4,8,37300
Schleswig-Holstein,female,5,1,250
Schleswig-Holstein,female,5,2,28760
Schleswig-Holstein,female,5,3,46090
Schleswig-Holstein,female,5,4,64260
Schleswig-Holstein,female,5,5,47780
Schleswig-Holstein,female,5,6,29820
Schleswig-Holstein,female,5,7,16550
Schleswig-Holstein,female,5,8,7390
Schleswig-Holstein,male,-1,1,0
Schleswig-Holstein,male,-1,2,0
Schleswig-Holstein,male,-1,3,0
Schleswig-Holstein,male,-1,4,0
Schleswig-Holstein,male,-1,5,0
Schleswig-Holstein,male,-1,6,0
Schleswig-Holstein,male,-1,7,0
Schleswig-Holstein,male,-1,8,0
Schleswig-Holstein,male,0,1,0
Schleswig-Holstein,male,0,2,0
Schleswig-Holstein,male,0,3,0
Schleswig-Holstein,male,0,4,0
Schleswig-Holstein,male,0,5,0
Schleswig-Holstein,male,0,6,0
Schleswig-Holstein,male,0,7,0
Schleswig-Holstein,male,0,8,0
Schleswig-Holstein,male,2,1,72700
Schleswig-Holstein,male,2,2,35660
Schleswig-Holstein,male,2,3,21800
Schleswig-Holstein,male,2,4,28150
Schleswig-Holstein,male,2,5,22930
Schleswig-Holstein,male,2,6,18030
Schleswig-Holstein,male,2,7,21550
Schleswig-Holstein,male,2,8,8760
Schleswig-Holstein,male,4,1,4240
Schleswig-Holstein,male,4,2,94660
Schleswig-Holstein,male,4,3,83990
Schleswig-Holstein,male,4,4,133310
Schleswig-Holstein,male,4,5,106320
Schleswig-Holstein,male,4,6,91230
Schleswig-Holstein,male,4,7,79630
Schleswig-Holstein,male,4,8,26760
Schleswig-Holstein,male,5,1,0
Schleswig-Holstein,male,5,2,18200
Schleswig-Holstein,male,5,3,43590
Schleswig-Holstein,male,5,4,76630
Schleswig-Holstein,male,5,5,62550
Schleswig-Holstein,male,5,6,53530
Schleswig-Holstein,male,5,7,36630
Schleswig-Holstein,male,5,8,10670
Thüringen,female,-1,1,0
Thüringen,female,-1,2,0
Thüringen,female,-1,3,0
Thüringen,female,-1,4,0
Thüringen,female,-1,5,0
Thüringen,female,-1,6,0
Thüringen,female,-1,7,0
Thüringen,female,-1,8,0
Thüringen,female,0,1,0
Thüringen,female,0,2,0
Thüringen,female,0,3,0
Thüringen,female,0,4,0
Thüringen,female,0,5,0
Thüringen,female,0,6,0
Thüringen,female,0,7,0
Thüringen,female,0,8,0
Thüringen,female,2,1,29120
Thüringen,female,2,2,15150
Thüringen,female,2,3,7920
Thüringen,female,2,4,8880
Thüringen,female,2,5,10400
Thüringen,female,2,6,15760
Thüringen,female,2,7,37550
Thüringen,female,2,8,36060
Thüringen,female,4,1,4970
Thüringen,female,4,2,81450
Thüringen,female,4,3,66860
Thüringen,female,4,4,100030
Thüringen,female,4,5,104870
Thüringen,female,4,6,79510
Thüringen,female,4,7,80820
Thüringen,female,4,8,38440
Thüringen,female,5,1,360
Thüringen,female,5,2,30650
Thüringen,female,5,3,38090
Thüringen,female,5,4,58260
Thüringen,female,5,5,64800
Thüringen,female,5,6,43610
Thüringen,female,5,7,25940
Thüringen,female,5,8,8430
Thüringen,male,-1,1,0
Thüringen,male,-1,2,0
Thüringen,male,-1,3,0
Thüringen,male,-1,4,0
Thüringen,male,-1,5,0
Thüringen,male,-1,6,0
Thüringen,male,-1,7,0
Thüringen,male,-1,8,0
Thüringen,male,0,1,0
Thüringen,male,0,2,0
Thüringen,male,0,3,0
Thüringen,male,0,4,0
Thüringen,male,0,5,0
Thüringen,male,0,6,0
Thüringen,male,0,7,0
Thüringen,male,0,8,0
Thüringen,male,2,1,31380
Thüringen,male,2,2,19080
Thüringen,male,2,3,10080
Thüringen,male,2,4,9940
Thüringen,male,2,5,10250
Thüringen,male,2,6,6810
Thüringen,male,2,7,9930
Thüringen,male,2,8,4250
Thüringen,male,4,1,3950
Thüringen,male,4,2,105240
Thüringen,male,4,3,85270
Thüringen,male,4,4,119830
Thüringen,male,4,5,112530
Thüringen,male,4,6,68350
Thüringen,male,4,7,59740
Thüringen,male,4,8,18500
Thüringen,male,5,1,30
Thüringen,male,5,2,19680
Thüringen,male,5,3,34040
Thüringen,male,5,4,44810
Thüringen,male,5,5,57160
Thüringen,male,5,6,53360
Thüringen,male,5,7,43530
Thüringen,male,5,8,13320
